timestamp,ping,download,upload,server
2018-02-27T19:40:02.187122Z,53.597,53.884,10.318,TekLinks
2018-02-27T19:50:02.611014Z,51.684,82.709,11.315,TekLinks
2018-02-27T20:00:03.019600Z,58.577,78.132,11.406,TekLinks
2018-02-27T20:10:02.330726Z,401.294,69.533,11.551,TekLinks
2018-02-27T20:20:02.689372Z,51.677,83.835,11.521,TekLinks
2018-02-27T20:30:07.687224Z,51.971,78.422,10.983,TekLinks
2018-02-27T20:40:02.578827Z,55.329,80.814,11.467,TekLinks
2018-02-27T20:50:02.989948Z,50.779,57.715,11.383,TekLinks
2018-02-27T21:00:01.695851Z,675.561,83.88,11.364,TekLinks
2018-02-27T21:10:02.114416Z,52.39,82.519,11.369,TekLinks
2018-02-27T21:20:01.984238Z,51.404,63.378,11.432,TekLinks
2018-02-27T21:30:09.465043Z,51.32,81.453,11.476,TekLinks
2018-02-27T21:40:02.081017Z,50.508,80.583,11.519,TekLinks
2018-02-27T21:50:02.054344Z,571.951,78.166,11.209,TekLinks
2018-02-27T22:00:08.418992Z,51.649,81.249,11.253,TekLinks
2018-02-27T22:10:03.156336Z,56.783,82.53,10.619,TekLinks
2018-02-27T22:20:02.708946Z,282.38,74.455,10.786,TekLinks
2018-02-27T22:30:06.711726Z,54.861,77.992,11.438,TekLinks
2018-02-27T22:40:02.622810Z,52.981,79.385,11.371,TekLinks
2018-02-27T22:50:05.042406Z,50.641,83.729,11.033,TekLinks
2018-02-27T23:00:07.291082Z,371.316,79.823,11.435,TekLinks
2018-02-27T23:10:01.881922Z,57.519,83.008,11.344,TekLinks
2018-02-27T23:20:01.564791Z,54.006,85.38,11.307,TekLinks
2018-02-27T23:30:02.707258Z,51.578,83.201,11.385,TekLinks
2018-02-27T23:40:02.833285Z,55.431,83.455,11.393,TekLinks
2018-02-27T23:50:02.441515Z,49.99,60.081,11.414,TekLinks
2018-02-28T00:00:09.957776Z,54.403,82.402,11.138,TekLinks
2018-02-28T00:10:02.447512Z,51.35,82.351,11.487,TekLinks
2018-02-28T00:20:02.215520Z,57.456,79.168,11.371,TekLinks
2018-02-28T00:30:02.383713Z,610.982,79.837,11.374,TekLinks
2018-02-28T00:40:03.351727Z,53.073,78.029,11.414,TekLinks
2018-02-28T00:50:02.853916Z,53.443,19.287,10.501,TekLinks
2018-02-28T01:00:09.087877Z,702.854,74.247,11.333,TekLinks
2018-02-28T01:10:02.561934Z,118.501,77.317,11.258,TekLinks
2018-02-28T01:20:01.977789Z,52.909,82.71,11.432,TekLinks
2018-02-28T01:30:02.430320Z,51.066,80.355,11.119,TekLinks
2018-02-28T01:40:02.287191Z,53.605,75.911,11.423,TekLinks
2018-02-28T01:50:02.420510Z,51.944,47.404,11.335,TekLinks
2018-02-28T02:00:08.430319Z,52.899,80.566,11.122,TekLinks
2018-02-28T02:10:02.511846Z,51.696,48.868,11.354,TekLinks
2018-02-28T02:20:02.250989Z,51.011,78.959,11.054,TekLinks
2018-02-28T02:30:02.035705Z,363.907,80.864,11.282,TekLinks
2018-02-28T02:40:02.562388Z,58.111,81.422,11.394,TekLinks
2018-02-28T02:50:02.351462Z,54.895,78.601,10.624,TekLinks
2018-02-28T03:00:10.756073Z,54.874,56.942,11.499,TekLinks
2018-02-28T03:10:02.437455Z,51.743,78.433,11.372,TekLinks
2018-02-28T03:20:02.060687Z,52.403,57.17,11.242,TekLinks
2018-02-28T03:30:01.790321Z,52.973,77.316,11.079,TekLinks
2018-02-28T03:40:02.171875Z,55.925,80.73,11.359,TekLinks
2018-02-28T03:50:02.086488Z,50.945,47.082,11.563,TekLinks
2018-02-28T04:00:05.759807Z,49.757,83.288,11.373,TekLinks
2018-02-28T04:10:02.214180Z,54.0,81.434,11.381,TekLinks
2018-02-28T04:20:01.728919Z,320.204,76.733,11.271,TekLinks
2018-02-28T04:30:02.124258Z,682.932,80.628,8.807,TekLinks
2018-02-28T04:40:01.895487Z,53.34,68.676,11.45,TekLinks
2018-02-28T04:50:02.076442Z,51.619,58.699,11.553,TekLinks
2018-02-28T05:00:09.412312Z,271.204,79.548,11.135,TekLinks
2018-02-28T05:10:02.624903Z,54.38,53.026,11.31,TekLinks
2018-02-28T05:20:02.791908Z,50.855,81.364,11.421,TekLinks
2018-02-28T05:30:02.163937Z,54.245,73.066,11.457,TekLinks
2018-02-28T05:40:01.822934Z,92.028,80.084,11.289,TekLinks
2018-02-28T05:50:01.915015Z,52.758,80.741,11.312,TekLinks
2018-02-28T06:00:08.840910Z,51.124,83.305,11.369,TekLinks
2018-02-28T06:10:02.737109Z,52.024,82.094,11.279,TekLinks
2018-02-28T06:20:02.177885Z,51.902,80.265,11.326,TekLinks
2018-02-28T06:30:02.725219Z,196.168,85.819,11.494,TekLinks
2018-02-28T06:40:02.510568Z,54.52,76.343,11.107,TekLinks
2018-02-28T06:50:02.236369Z,53.458,84.258,11.309,TekLinks
2018-02-28T07:00:07.393425Z,489.24,82.774,11.085,TekLinks
2018-02-28T07:10:01.895958Z,53.321,81.34,10.465,TekLinks
2018-02-28T07:20:01.991101Z,52.366,81.939,9.015,TekLinks
2018-02-28T07:30:03.186766Z,51.795,67.825,11.478,TekLinks
2018-02-28T07:40:02.245645Z,54.78,64.203,11.336,TekLinks
2018-02-28T07:50:01.916567Z,49.852,72.884,11.274,TekLinks
2018-02-28T08:00:10.590423Z,51.714,82.577,11.486,TekLinks
2018-02-28T08:10:02.161711Z,54.792,55.416,11.246,TekLinks
2018-02-28T08:20:02.121100Z,51.076,59.008,11.28,TekLinks
2018-02-28T08:30:01.969187Z,441.119,73.935,11.296,TekLinks
2018-02-28T08:40:02.408889Z,49.776,82.384,11.549,TekLinks
2018-02-28T08:50:02.176517Z,53.826,84.344,11.438,TekLinks
2018-02-28T09:00:08.449795Z,50.623,83.895,11.325,TekLinks
2018-02-28T09:10:02.101716Z,52.143,82.864,11.264,TekLinks
2018-02-28T09:20:01.861398Z,50.397,55.882,11.577,TekLinks
2018-02-28T09:30:02.551790Z,376.094,73.036,11.318,TekLinks
2018-02-28T09:40:02.639893Z,50.158,83.968,11.532,TekLinks
2018-02-28T09:50:02.357233Z,55.796,82.209,11.413,TekLinks
2018-02-28T10:00:07.474433Z,50.369,83.878,11.341,TekLinks
2018-02-28T10:10:02.138047Z,54.551,79.996,11.505,TekLinks
2018-02-28T10:20:02.120262Z,50.715,84.677,11.366,TekLinks
2018-02-28T10:30:06.514622Z,53.309,84.306,11.455,TekLinks
2018-02-28T10:40:02.621647Z,460.275,82.858,11.582,TekLinks
2018-02-28T10:50:02.404623Z,50.691,83.773,11.541,TekLinks
2018-02-28T11:00:01.841995Z,530.777,82.885,11.376,TekLinks
2018-02-28T11:10:09.366400Z,591.426,80.127,11.338,TekLinks
2018-02-28T11:20:02.612953Z,221.717,81.302,11.562,TekLinks
2018-02-28T11:30:02.264230Z,524.524,85.636,11.371,TekLinks
2018-02-28T11:40:02.028528Z,50.842,83.112,11.563,TekLinks
2018-02-28T11:50:01.577219Z,54.619,65.616,11.568,TekLinks
2018-02-28T12:00:05.761473Z,51.073,82.835,11.625,TekLinks
2018-02-28T12:10:02.881825Z,53.046,73.082,11.127,TekLinks
2018-02-28T12:20:01.615550Z,51.275,83.73,11.529,TekLinks
2018-02-28T12:30:01.767690Z,51.456,80.813,11.153,TekLinks
2018-02-28T12:40:03.190020Z,52.07,81.025,11.192,TekLinks
2018-02-28T12:50:02.708109Z,251.996,82.218,11.357,TekLinks
2018-02-28T13:00:06.865444Z,52.07,84.01,11.257,TekLinks
2018-02-28T13:10:02.436552Z,53.763,85.294,11.01,TekLinks
2018-02-28T13:20:02.451664Z,52.004,78.93,11.41,TekLinks
2018-02-28T13:30:01.974435Z,51.071,81.414,11.414,TekLinks
2018-02-28T13:40:02.510518Z,53.502,83.208,11.498,TekLinks
2018-02-28T13:50:02.106465Z,53.3,66.444,11.373,TekLinks
2018-02-28T14:00:08.190426Z,52.912,80.992,11.435,TekLinks
2018-02-28T14:10:02.368201Z,50.952,67.301,11.431,TekLinks
2018-02-28T14:20:02.322535Z,49.703,80.328,11.357,TekLinks
2018-02-28T14:30:02.294668Z,52.05,84.247,11.403,TekLinks
2018-02-28T14:40:01.917385Z,59.94,83.912,11.245,TekLinks
2018-02-28T14:50:02.393419Z,56.857,69.193,11.378,TekLinks
2018-02-28T15:00:06.831797Z,50.672,81.903,11.182,TekLinks
2018-02-28T15:10:02.491920Z,56.452,80.116,11.501,TekLinks
2018-02-28T15:20:02.495907Z,50.615,83.429,11.45,TekLinks
2018-02-28T15:30:02.743978Z,54.483,75.789,6.695,TekLinks
2018-02-28T15:40:09.109450Z,49.813,64.958,2.045,TekLinks
2018-02-28T15:50:03.636300Z,53.061,83.636,10.486,TekLinks
2018-02-28T16:00:10.224191Z,49.896,84.111,11.482,TekLinks
2018-02-28T16:10:03.114125Z,50.18,82.918,10.523,TekLinks
2018-02-28T16:20:02.923384Z,52.443,61.992,10.546,TekLinks
2018-02-28T16:30:09.447645Z,51.812,82.47,11.48,TekLinks
2018-02-28T16:40:02.581506Z,54.954,84.315,10.986,TekLinks
2018-02-28T16:50:03.046902Z,55.646,57.55,11.55,TekLinks
2018-02-28T17:00:15.912530Z,50.016,75.086,11.0,TekLinks
2018-02-28T17:10:02.018031Z,49.764,58.293,7.874,TekLinks
2018-02-28T17:20:02.485324Z,53.837,83.459,11.451,TekLinks
2018-02-28T17:30:02.497520Z,61.619,81.323,11.476,TekLinks
2018-02-28T17:40:02.812739Z,53.029,84.127,11.434,TekLinks
2018-02-28T17:50:01.598519Z,54.489,79.22,11.244,TekLinks
2018-02-28T18:00:02.115113Z,68.861,82.989,8.684,TekLinks
2018-02-28T18:10:03.143546Z,52.596,82.943,10.546,TekLinks
2018-02-28T18:20:02.731272Z,52.465,82.178,11.282,TekLinks
2018-02-28T18:30:01.758397Z,64.753,79.218,11.27,TekLinks
2018-02-28T18:40:02.017373Z,57.281,65.005,11.428,TekLinks
2018-02-28T18:50:02.174231Z,50.955,79.248,10.725,TekLinks
2018-02-28T19:00:08.460425Z,49.266,82.862,11.474,TekLinks
2018-02-28T19:10:02.456141Z,47.736,79.053,11.314,TekLinks
2018-02-28T19:20:02.030724Z,55.641,59.93,11.377,TekLinks
2018-02-28T19:30:02.110782Z,484.056,66.532,11.645,TekLinks
2018-02-28T19:40:01.906896Z,215.989,76.794,11.37,TekLinks
2018-02-28T19:50:02.010705Z,52.962,70.083,11.501,TekLinks
2018-02-28T20:00:10.856306Z,48.919,79.673,11.017,TekLinks
2018-02-28T20:10:04.028240Z,436.908,71.625,11.147,TekLinks
2018-02-28T20:20:02.756126Z,55.618,80.399,11.479,TekLinks
2018-02-28T20:30:01.959652Z,59.278,55.392,10.867,TekLinks
2018-02-28T20:40:02.861769Z,388.512,82.983,11.318,TekLinks
2018-02-28T20:50:01.740118Z,225.041,78.289,10.505,TekLinks
2018-02-28T21:00:10.546422Z,49.129,80.866,11.373,TekLinks
2018-02-28T21:10:02.375328Z,51.478,77.493,11.281,TekLinks
2018-02-28T21:20:02.004281Z,51.99,82.703,7.229,TekLinks
2018-02-28T21:30:02.362031Z,66.965,80.343,11.335,TekLinks
2018-02-28T21:40:01.887686Z,49.096,62.2,10.876,TekLinks
2018-02-28T21:50:02.192920Z,49.904,57.441,11.048,TekLinks
2018-02-28T22:00:07.125415Z,50.454,80.996,11.202,TekLinks
2018-02-28T22:10:02.106001Z,53.505,54.142,11.457,TekLinks
2018-02-28T22:20:02.273026Z,53.756,79.651,11.325,TekLinks
2018-02-28T22:30:02.325031Z,541.135,76.992,11.217,TekLinks
2018-02-28T22:40:01.705694Z,48.603,79.804,11.223,TekLinks
2018-02-28T22:50:01.980419Z,48.51,78.227,10.941,TekLinks
2018-02-28T23:00:05.433045Z,51.238,80.267,11.463,TekLinks
2018-02-28T23:10:02.463351Z,50.871,76.525,11.448,TekLinks
2018-02-28T23:20:02.456168Z,52.574,82.689,11.155,TekLinks
2018-02-28T23:30:02.139642Z,303.244,73.402,11.103,TekLinks
2018-02-28T23:40:01.943005Z,51.54,78.159,11.326,TekLinks
2018-02-28T23:50:01.999519Z,48.218,49.008,11.058,TekLinks
2018-03-01T00:00:02.628495Z,64.418,80.542,10.343,TekLinks
2018-03-01T00:10:03.440825Z,51.953,55.424,0.321,TekLinks
2018-03-01T00:20:03.401324Z,55.574,82.477,2.829,TekLinks
2018-03-01T00:30:03.699409Z,375.847,77.507,6.604,TekLinks
2018-03-01T00:40:03.065942Z,48.812,79.472,2.042,TekLinks
2018-03-01T00:50:02.847519Z,51.947,82.786,2.141,TekLinks
2018-03-01T01:00:08.341758Z,51.161,80.599,1.93,TekLinks
2018-03-01T01:10:02.451858Z,53.957,56.109,2.199,TekLinks
2018-03-01T01:20:03.503641Z,50.361,81.153,5.24,TekLinks
2018-03-01T01:30:02.626263Z,580.346,71.824,1.858,TekLinks
2018-03-01T01:40:03.134579Z,49.652,84.301,1.251,TekLinks
2018-03-01T01:50:03.133164Z,50.587,83.572,3.499,TekLinks
2018-03-01T02:00:03.741453Z,509.274,77.983,4.31,TekLinks
2018-03-01T02:10:03.607134Z,50.95,76.933,6.625,TekLinks
2018-03-01T02:20:02.817843Z,53.387,82.292,10.558,TekLinks
2018-03-01T02:30:08.417001Z,56.682,78.884,8.679,TekLinks
2018-03-01T02:40:02.837154Z,665.931,74.056,8.329,TekLinks
2018-03-01T02:50:03.656014Z,51.067,56.421,9.983,TekLinks
2018-03-01T03:00:03.151049Z,53.642,52.633,10.7,TekLinks
2018-03-01T03:10:02.877359Z,52.69,78.102,11.21,TekLinks
2018-03-01T03:20:02.303748Z,51.081,77.812,7.607,TekLinks
2018-03-01T03:30:02.812441Z,436.012,71.221,10.636,TekLinks
2018-03-01T03:40:02.440986Z,54.961,61.337,11.621,TekLinks
2018-03-01T03:50:02.277636Z,63.979,79.03,11.453,TekLinks
2018-03-01T04:00:01.787710Z,57.651,81.243,11.531,TekLinks
2018-03-01T04:10:02.332770Z,51.806,65.364,11.415,TekLinks
2018-03-01T04:20:01.845819Z,51.429,73.39,10.707,TekLinks
2018-03-01T04:30:05.456972Z,160.097,81.448,11.473,TekLinks
2018-03-01T04:40:01.907396Z,55.323,81.24,11.53,TekLinks
2018-03-01T04:50:02.456490Z,54.172,79.489,11.214,TekLinks
2018-03-01T05:00:07.688341Z,54.682,81.07,11.501,TekLinks
2018-03-01T05:10:02.522599Z,51.634,84.634,10.873,TekLinks
2018-03-01T05:20:02.022396Z,49.942,69.037,11.319,TekLinks
2018-03-01T05:30:02.876452Z,52.724,80.147,11.358,TekLinks
2018-03-01T05:40:02.124956Z,51.975,82.151,11.528,TekLinks
2018-03-01T05:50:02.053355Z,56.77,84.249,11.407,TekLinks
2018-03-01T06:00:03.358947Z,363.636,83.957,11.411,TekLinks
2018-03-01T06:10:02.041804Z,51.369,82.336,10.826,TekLinks
2018-03-01T06:20:03.042208Z,54.348,82.129,11.491,TekLinks
2018-03-01T06:30:02.396300Z,51.256,82.344,11.457,TekLinks
2018-03-01T06:40:02.317752Z,54.145,82.806,10.644,TekLinks
2018-03-01T06:50:03.259520Z,55.107,83.356,11.532,TekLinks
2018-03-01T07:00:08.050834Z,56.1,75.46,11.223,TekLinks
2018-03-01T07:10:02.069910Z,545.606,61.738,11.489,TekLinks
2018-03-01T07:20:02.258458Z,52.943,63.979,11.555,TekLinks
2018-03-01T07:30:02.483682Z,59.454,80.764,11.492,TekLinks
2018-03-01T07:40:02.288376Z,49.165,82.09,11.436,TekLinks
2018-03-01T07:50:02.215326Z,52.944,85.541,11.585,TekLinks
2018-03-01T08:00:07.191352Z,50.765,81.58,11.324,TekLinks
2018-03-01T08:10:02.122828Z,50.442,82.043,11.236,TekLinks
2018-03-01T08:20:01.703330Z,52.545,83.925,11.407,TekLinks
2018-03-01T08:30:02.107612Z,166.061,77.192,11.378,TekLinks
2018-03-01T08:40:02.497283Z,50.281,83.306,11.236,TekLinks
2018-03-01T08:50:02.685234Z,49.907,56.916,11.476,TekLinks
2018-03-01T09:00:01.996293Z,689.946,78.929,11.34,TekLinks
2018-03-01T09:10:02.783123Z,54.578,85.807,11.558,TekLinks
2018-03-01T09:20:01.918704Z,50.302,79.671,11.562,TekLinks
2018-03-01T09:30:02.134198Z,50.702,83.293,11.417,TekLinks
2018-03-01T09:40:02.608308Z,48.907,55.071,10.888,TekLinks
2018-03-01T09:50:01.944627Z,244.177,69.831,11.543,TekLinks
2018-03-01T10:00:06.505128Z,60.742,85.588,11.513,TekLinks
2018-03-01T10:10:02.452981Z,50.152,85.74,11.332,TekLinks
2018-03-01T10:20:01.699005Z,57.001,72.783,11.335,TekLinks
2018-03-01T10:30:02.296094Z,378.852,68.542,11.476,TekLinks
2018-03-01T10:40:02.761791Z,49.509,76.479,11.393,TekLinks
2018-03-01T10:50:01.862274Z,50.762,83.937,11.338,TekLinks
2018-03-01T11:00:11.092065Z,54.242,83.163,11.368,TekLinks
2018-03-01T11:10:02.819571Z,151.251,55.954,11.155,TekLinks
2018-03-01T11:20:02.469775Z,50.922,61.993,11.407,TekLinks
2018-03-01T11:30:05.318983Z,60.709,85.162,11.576,TekLinks
2018-03-01T11:40:02.588351Z,53.702,75.054,11.498,TekLinks
2018-03-01T11:50:01.902324Z,49.838,80.758,11.521,TekLinks
2018-03-01T12:00:09.340162Z,50.32,82.0,11.296,TekLinks
2018-03-01T12:10:02.196837Z,56.012,84.818,9.123,TekLinks
2018-03-01T12:20:02.281266Z,54.007,50.196,9.805,TekLinks
2018-03-01T12:30:05.561033Z,50.527,86.117,9.416,TekLinks
2018-03-01T12:40:03.217652Z,56.429,78.243,11.551,TekLinks
2018-03-01T12:50:02.105703Z,53.9,85.459,11.28,TekLinks
2018-03-01T13:00:08.598267Z,325.354,83.778,11.39,TekLinks
2018-03-01T13:10:02.158064Z,53.368,80.278,11.451,TekLinks
2018-03-01T13:20:02.278480Z,52.774,86.395,11.398,TekLinks
2018-03-01T13:30:06.363710Z,73.013,83.317,11.434,TekLinks
2018-03-01T13:40:02.236927Z,56.231,84.084,11.549,TekLinks
2018-03-01T13:50:02.405788Z,51.555,83.873,11.578,TekLinks
2018-03-01T14:00:01.549670Z,50.385,86.629,11.524,TekLinks
2018-03-01T14:10:02.534309Z,48.173,80.653,11.431,TekLinks
2018-03-01T14:20:02.146479Z,51.487,83.105,11.281,TekLinks
2018-03-01T14:30:05.627125Z,51.308,78.921,11.261,TekLinks
2018-03-01T14:40:02.689472Z,51.273,86.15,11.361,TekLinks
2018-03-01T14:50:01.670293Z,49.491,78.577,11.36,TekLinks
2018-03-01T15:00:08.956663Z,50.641,82.302,11.526,TekLinks
2018-03-01T15:10:01.788068Z,49.878,85.283,11.174,TekLinks
2018-03-01T15:20:02.699572Z,52.19,80.763,11.579,TekLinks
2018-03-01T15:30:01.806419Z,57.304,82.041,11.472,TekLinks
2018-03-01T15:40:02.118026Z,50.966,83.352,11.471,TekLinks
2018-03-01T15:50:02.277102Z,48.869,84.383,11.393,TekLinks
2018-03-01T16:00:10.521514Z,52.335,83.526,11.486,TekLinks
2018-03-01T16:10:02.768927Z,50.676,84.074,9.313,TekLinks
2018-03-01T16:20:02.647812Z,48.897,83.872,8.745,TekLinks
2018-03-01T16:30:08.489604Z,165.603,76.316,11.55,TekLinks
2018-03-01T16:40:02.377119Z,52.148,84.524,11.602,TekLinks
2018-03-01T16:50:02.540865Z,49.857,85.004,11.323,TekLinks
2018-03-01T17:00:07.729599Z,116.6,79.826,11.358,TekLinks
2018-03-01T17:10:02.694316Z,54.89,83.99,11.266,TekLinks
2018-03-01T17:20:02.617878Z,52.154,81.958,11.341,TekLinks
2018-03-01T17:30:02.489004Z,62.296,50.677,9.426,TekLinks
2018-03-01T17:40:02.405355Z,52.937,82.758,4.916,TekLinks
2018-03-01T17:50:02.494812Z,56.918,64.653,11.42,TekLinks
2018-03-01T18:00:07.372123Z,87.385,80.411,11.184,TekLinks
2018-03-01T18:10:01.956589Z,52.026,81.398,11.452,TekLinks
2018-03-01T18:20:02.519635Z,54.006,85.004,11.508,TekLinks
2018-03-01T18:30:02.712744Z,52.933,83.064,10.542,TekLinks
2018-03-01T18:40:02.721256Z,52.589,54.252,11.239,TekLinks
2018-03-01T18:50:02.561460Z,49.348,82.465,11.367,TekLinks
2018-03-01T19:00:10.133952Z,51.802,80.987,11.141,TekLinks
2018-03-01T19:10:01.995319Z,50.19,80.672,11.261,TekLinks
2018-03-01T19:20:02.616530Z,49.8,81.116,11.453,TekLinks
2018-03-01T19:30:08.320861Z,182.283,79.998,10.451,TekLinks
2018-03-01T19:40:02.673241Z,51.959,81.766,10.899,TekLinks
2018-03-01T19:50:02.580842Z,231.022,78.545,11.213,TekLinks
2018-03-01T20:00:01.774678Z,53.806,79.244,10.629,TekLinks
2018-03-01T20:10:02.008221Z,56.605,74.353,11.632,TekLinks
2018-03-01T20:20:02.485899Z,57.632,80.386,11.27,TekLinks
2018-03-01T20:30:01.748173Z,398.908,80.89,11.538,TekLinks
2018-03-01T20:40:01.909843Z,54.027,82.717,11.454,TekLinks
2018-03-01T20:50:02.080986Z,48.587,73.687,11.486,TekLinks
2018-03-01T21:00:02.317483Z,588.792,82.107,11.467,TekLinks
2018-03-01T21:10:01.803890Z,51.968,74.565,10.66,TekLinks
2018-03-01T21:20:02.602182Z,52.411,83.419,11.504,TekLinks
2018-03-01T21:30:03.013010Z,52.46,72.952,10.049,TekLinks
2018-03-01T21:40:02.181347Z,49.341,79.932,11.442,TekLinks
2018-03-01T21:50:02.418037Z,51.309,75.293,11.276,TekLinks
2018-03-01T22:00:01.873803Z,49.379,76.673,8.988,TekLinks
2018-03-01T22:10:01.821170Z,50.845,62.806,11.7,TekLinks
2018-03-01T22:20:02.230978Z,53.85,68.151,11.316,TekLinks
2018-03-01T22:30:02.635303Z,50.089,81.067,11.203,TekLinks
2018-03-01T22:40:02.017246Z,52.885,81.623,11.526,TekLinks
2018-03-01T22:50:02.098944Z,55.936,83.09,11.463,TekLinks
2018-03-01T23:00:07.858230Z,49.735,80.269,11.34,TekLinks
2018-03-01T23:10:01.689203Z,51.148,67.409,11.344,TekLinks
2018-03-01T23:20:01.961862Z,51.665,75.318,11.508,TekLinks
2018-03-01T23:30:02.086579Z,325.864,75.617,11.285,TekLinks
2018-03-01T23:40:02.823675Z,49.685,82.321,11.373,TekLinks
2018-03-01T23:50:01.995433Z,53.275,81.09,4.973,TekLinks
2018-03-02T00:00:02.562043Z,268.158,82.545,11.376,TekLinks
2018-03-02T00:10:01.830261Z,48.976,82.605,11.287,TekLinks
2018-03-02T00:20:02.076321Z,50.567,82.331,11.554,TekLinks
2018-03-02T00:30:03.908758Z,54.253,75.604,10.422,TekLinks
2018-03-02T00:40:02.190484Z,53.684,80.286,9.917,TekLinks
2018-03-02T00:50:03.131605Z,52.627,79.003,11.312,TekLinks
2018-03-02T01:00:07.831916Z,249.926,80.221,11.464,TekLinks
2018-03-02T01:10:01.523234Z,51.358,72.898,11.272,TekLinks
2018-03-02T01:20:02.777758Z,52.775,76.739,11.436,TekLinks
2018-03-02T01:30:02.073367Z,56.981,84.159,11.309,TekLinks
2018-03-02T01:40:02.326043Z,53.099,79.359,11.293,TekLinks
2018-03-02T01:50:02.252378Z,55.288,82.607,11.353,TekLinks
2018-03-02T02:00:08.809127Z,51.97,79.44,11.543,TekLinks
2018-03-02T02:10:02.153794Z,242.349,52.575,11.222,TekLinks
2018-03-02T02:20:02.502831Z,51.054,52.427,11.217,TekLinks
2018-03-02T02:30:02.038872Z,689.857,59.145,9.603,TekLinks
2018-03-02T02:40:02.128475Z,53.013,54.312,11.431,TekLinks
2018-03-02T02:50:02.294726Z,54.271,80.682,11.518,TekLinks
2018-03-02T03:00:08.099103Z,56.994,79.309,9.783,TekLinks
2018-03-02T03:10:02.282825Z,51.184,59.393,11.238,TekLinks
2018-03-02T03:20:02.310745Z,57.954,79.858,11.218,TekLinks
2018-03-02T03:30:01.866216Z,54.207,78.307,11.409,TekLinks
2018-03-02T03:40:02.082726Z,56.016,80.69,11.216,TekLinks
2018-03-02T03:50:01.982431Z,51.371,82.753,9.542,TekLinks
2018-03-02T04:00:07.408441Z,50.711,83.646,11.153,TekLinks
2018-03-02T04:10:02.479509Z,50.195,74.019,11.453,TekLinks
2018-03-02T04:20:02.543581Z,49.216,81.868,9.491,TekLinks
2018-03-02T04:30:02.180027Z,50.466,81.889,10.871,TekLinks
2018-03-02T04:40:02.607932Z,50.381,82.837,11.351,TekLinks
2018-03-02T04:50:02.465268Z,52.427,79.945,11.455,TekLinks
2018-03-02T05:00:10.167074Z,48.234,79.273,11.431,TekLinks
2018-03-02T05:10:02.493199Z,407.074,74.292,11.53,TekLinks
2018-03-02T05:20:01.601210Z,52.763,84.131,11.264,TekLinks
2018-03-02T05:30:02.821899Z,66.282,84.871,11.325,TekLinks
2018-03-02T05:40:02.017111Z,49.913,47.565,11.5,TekLinks
2018-03-02T05:50:01.832444Z,54.122,69.324,11.409,TekLinks
2018-03-02T06:00:02.168666Z,422.831,81.222,11.352,TekLinks
2018-03-02T06:10:01.908961Z,51.544,84.263,10.713,TekLinks
2018-03-02T06:20:02.800702Z,50.37,52.202,10.035,TekLinks
2018-03-02T06:30:02.467354Z,58.808,82.253,11.588,TekLinks
2018-03-02T06:40:02.905285Z,54.59,82.426,11.365,TekLinks
2018-03-02T06:50:02.365889Z,51.935,79.887,11.398,TekLinks
2018-03-02T07:00:06.879870Z,51.144,75.959,11.599,TekLinks
2018-03-02T07:10:01.730664Z,54.553,64.615,11.353,TekLinks
2018-03-02T07:20:02.409504Z,49.475,70.901,11.466,TekLinks
2018-03-02T07:30:02.761107Z,51.339,50.063,11.365,TekLinks
2018-03-02T07:40:02.608843Z,53.91,84.838,11.284,TekLinks
2018-03-02T07:50:02.144901Z,50.133,59.274,11.365,TekLinks
2018-03-02T08:00:08.982351Z,832.01,86.396,11.32,TekLinks
2018-03-02T08:10:02.765991Z,53.605,84.609,10.536,TekLinks
2018-03-02T08:20:02.368307Z,48.36,85.463,11.205,TekLinks
2018-03-02T08:30:02.494205Z,68.382,84.826,11.634,TekLinks
2018-03-02T08:40:02.661751Z,639.677,83.997,11.398,TekLinks
2018-03-02T08:50:02.074028Z,53.763,85.18,11.277,TekLinks
2018-03-02T09:00:09.799628Z,50.741,82.662,9.482,TekLinks
2018-03-02T09:10:02.492869Z,52.922,84.791,11.651,TekLinks
2018-03-02T09:20:02.532805Z,56.474,56.05,11.365,TekLinks
2018-03-02T09:30:02.202741Z,195.982,83.033,11.574,TekLinks
2018-03-02T09:40:01.974382Z,49.105,30.669,11.452,TekLinks
2018-03-02T09:50:02.478471Z,48.829,85.217,11.539,TekLinks
2018-03-02T10:00:02.262284Z,50.23,78.508,11.461,TekLinks
2018-03-02T10:10:02.341699Z,50.525,70.712,11.217,TekLinks
2018-03-02T10:20:02.552766Z,49.409,77.355,11.218,TekLinks
2018-03-02T10:30:02.181953Z,308.495,81.29,11.591,TekLinks
2018-03-02T10:40:01.930744Z,50.373,79.566,11.531,TekLinks
2018-03-02T10:50:01.956954Z,49.059,80.435,11.541,TekLinks
2018-03-02T11:00:08.388018Z,51.338,72.154,11.542,TekLinks
2018-03-02T11:10:02.354902Z,49.975,76.799,11.17,TekLinks
2018-03-02T11:20:01.753035Z,52.646,82.632,11.257,TekLinks
2018-03-02T11:30:07.673026Z,50.65,79.738,11.32,TekLinks
2018-03-02T11:40:01.922127Z,49.025,72.041,11.246,TekLinks
2018-03-02T11:50:02.105277Z,50.647,84.557,9.628,TekLinks
2018-03-02T12:00:07.645273Z,153.649,70.431,10.455,TekLinks
2018-03-02T12:10:02.758712Z,50.999,57.747,11.078,TekLinks
2018-03-02T12:20:07.422770Z,50.592,77.923,11.512,TekLinks
2018-03-02T12:30:04.142826Z,162.113,82.519,11.025,TekLinks
2018-03-02T12:40:03.346805Z,50.626,81.014,11.182,TekLinks
2018-03-02T12:50:02.968201Z,54.314,81.769,10.091,TekLinks
2018-03-02T13:00:01.699202Z,50.351,80.643,11.45,TekLinks
2018-03-02T13:10:02.602837Z,49.232,77.26,11.358,TekLinks
2018-03-02T13:20:01.946086Z,53.031,71.815,11.119,TekLinks
2018-03-02T13:30:02.175941Z,59.201,80.121,10.847,TekLinks
2018-03-02T13:40:02.331712Z,49.996,74.772,11.45,TekLinks
2018-03-02T13:50:02.203055Z,53.74,83.36,11.491,TekLinks
2018-03-02T14:00:08.389434Z,138.796,81.837,11.397,TekLinks
2018-03-02T14:10:02.073078Z,55.329,52.988,11.413,TekLinks
2018-03-02T14:20:02.282593Z,48.828,83.183,11.049,TekLinks
2018-03-02T14:30:03.931865Z,128.08,69.493,11.322,TekLinks
2018-03-02T14:40:02.749731Z,54.458,81.596,11.438,TekLinks
2018-03-02T14:50:02.558714Z,53.472,60.016,11.469,TekLinks
2018-03-02T15:00:08.843939Z,59.008,83.275,11.434,TekLinks
2018-03-02T15:10:02.245420Z,54.616,73.807,11.141,TekLinks
2018-03-02T15:20:02.368535Z,56.004,82.293,11.499,TekLinks
2018-03-02T15:30:08.489015Z,53.672,79.32,11.447,TekLinks
2018-03-02T15:40:02.594942Z,52.331,81.92,10.885,TekLinks
2018-03-02T15:50:02.098323Z,48.743,63.323,11.29,TekLinks
2018-03-02T16:00:10.030485Z,562.373,73.066,11.534,TekLinks
2018-03-02T16:10:01.924480Z,53.804,81.077,10.569,TekLinks
2018-03-02T16:20:02.639867Z,54.779,82.446,11.357,TekLinks
2018-03-02T16:30:02.260621Z,67.987,79.104,11.39,TekLinks
2018-03-02T16:40:02.711096Z,51.476,82.099,11.455,TekLinks
2018-03-02T16:50:02.392793Z,49.169,80.452,11.321,TekLinks
2018-03-02T17:00:10.114149Z,531.912,64.407,11.262,TekLinks
2018-03-02T17:10:01.878418Z,49.655,81.606,11.54,TekLinks
2018-03-02T17:20:02.098271Z,52.938,83.689,11.562,TekLinks
2018-03-02T17:30:03.298708Z,59.306,85.616,10.476,TekLinks
2018-03-02T17:40:02.611345Z,65.395,77.201,10.677,TekLinks
2018-03-02T17:50:01.848493Z,53.283,79.988,11.522,TekLinks
2018-03-02T18:00:02.684266Z,440.126,76.516,11.328,TekLinks
2018-03-02T18:10:01.884619Z,51.365,80.165,11.471,TekLinks
2018-03-02T18:20:02.349733Z,49.466,83.133,11.298,TekLinks
2018-03-02T18:30:06.759324Z,343.146,47.089,11.425,TekLinks
2018-03-02T18:40:02.468420Z,52.504,63.6,11.422,TekLinks
2018-03-02T18:50:02.093279Z,51.721,84.579,11.233,TekLinks
2018-03-02T19:00:08.617808Z,109.768,82.66,10.721,TekLinks
2018-03-02T19:10:02.356683Z,50.507,83.118,11.472,TekLinks
2018-03-02T19:20:02.628067Z,48.832,63.034,9.902,TekLinks
2018-03-02T19:30:08.452231Z,50.358,80.818,11.374,TekLinks
2018-03-02T19:40:01.784781Z,49.532,78.789,11.136,TekLinks
2018-03-02T19:50:02.179550Z,51.582,78.358,11.566,TekLinks
2018-03-02T20:00:10.622790Z,371.175,73.491,11.387,TekLinks
2018-03-02T20:10:02.429926Z,54.465,76.664,11.409,TekLinks
2018-03-02T20:20:02.253916Z,53.478,70.043,10.417,TekLinks
2018-03-02T20:30:02.413324Z,65.176,79.102,10.879,TekLinks
2018-03-02T20:40:02.382104Z,51.645,84.166,11.283,TekLinks
2018-03-02T20:50:01.747037Z,51.953,84.324,11.316,TekLinks
2018-03-02T21:00:09.120092Z,51.379,81.887,11.413,TekLinks
2018-03-02T21:10:02.454157Z,51.895,82.933,11.289,TekLinks
2018-03-02T21:20:01.944404Z,74.344,84.648,11.341,TekLinks
2018-03-02T21:30:02.368193Z,442.736,83.359,11.322,TekLinks
2018-03-02T21:40:01.776904Z,53.413,84.813,11.176,TekLinks
2018-03-02T21:50:02.473264Z,50.976,83.761,11.528,TekLinks
2018-03-02T22:00:08.008041Z,51.874,80.98,11.446,TekLinks
2018-03-02T22:10:02.402815Z,49.514,85.507,11.313,TekLinks
2018-03-02T22:20:01.995447Z,51.576,62.581,9.445,TekLinks
2018-03-02T22:30:02.310300Z,50.978,84.269,11.296,TekLinks
2018-03-02T22:40:03.569889Z,53.203,79.213,11.323,TekLinks
2018-03-02T22:50:01.639281Z,50.282,80.42,11.269,TekLinks
2018-03-02T23:00:10.304758Z,52.756,80.888,11.245,TekLinks
2018-03-02T23:10:01.793297Z,49.114,79.055,11.243,TekLinks
2018-03-02T23:20:02.131377Z,51.015,64.345,11.347,TekLinks
2018-03-02T23:30:02.376905Z,288.421,79.075,11.323,TekLinks
2018-03-02T23:40:02.138403Z,50.701,81.078,11.369,TekLinks
2018-03-02T23:50:02.398994Z,48.71,83.64,10.45,TekLinks
2018-03-03T00:00:02.785330Z,49.398,72.902,8.57,TekLinks
2018-03-03T00:10:03.008243Z,55.087,76.536,11.413,TekLinks
2018-03-03T00:20:02.724447Z,50.292,77.15,11.377,TekLinks
2018-03-03T00:30:05.085214Z,50.483,38.387,10.537,TekLinks
2018-03-03T00:40:02.023039Z,51.448,62.182,9.804,TekLinks
2018-03-03T00:50:02.422742Z,52.107,52.553,11.474,TekLinks
2018-03-03T01:00:11.807120Z,897.182,73.521,11.245,TekLinks
2018-03-03T01:10:01.912984Z,59.271,73.109,11.295,TekLinks
2018-03-03T01:20:03.133973Z,52.802,79.62,10.972,TekLinks
2018-03-03T01:30:02.219319Z,66.137,71.407,11.191,TekLinks
2018-03-03T01:40:01.757999Z,54.476,81.509,10.985,TekLinks
2018-03-03T01:50:02.207724Z,55.712,79.683,11.263,TekLinks
2018-03-03T02:00:10.850301Z,55.198,74.89,11.178,TekLinks
2018-03-03T02:10:02.283592Z,54.109,73.276,11.457,TekLinks
2018-03-03T02:20:02.364639Z,279.74,77.262,11.243,TekLinks
2018-03-03T02:30:02.076888Z,54.012,46.396,9.951,TekLinks
2018-03-03T02:40:02.006319Z,52.55,78.925,11.501,TekLinks
2018-03-03T02:50:01.881430Z,51.19,71.512,11.221,TekLinks
2018-03-03T03:00:07.005084Z,53.589,71.534,11.137,TekLinks
2018-03-03T03:10:02.356838Z,50.318,78.672,11.535,TekLinks
2018-03-03T03:20:02.606204Z,50.852,63.907,11.519,TekLinks
2018-03-03T03:30:05.739982Z,202.674,80.243,11.512,TekLinks
2018-03-03T03:40:01.964988Z,313.465,72.413,11.438,TekLinks
2018-03-03T03:50:02.496820Z,51.982,80.329,11.348,TekLinks
2018-03-03T04:00:01.811943Z,50.539,79.84,11.323,TekLinks
2018-03-03T04:10:02.259539Z,53.999,80.54,11.4,TekLinks
2018-03-03T04:20:01.941956Z,49.558,72.282,11.327,TekLinks
2018-03-03T04:30:02.473738Z,54.619,80.631,11.351,TekLinks
2018-03-03T04:40:02.866066Z,52.934,61.261,11.174,TekLinks
2018-03-03T04:50:02.233571Z,49.137,84.054,11.608,TekLinks
2018-03-03T05:00:02.809966Z,53.511,79.123,11.419,TekLinks
2018-03-03T05:10:02.154805Z,52.695,78.44,9.484,TekLinks
2018-03-03T05:20:02.724879Z,50.604,48.816,11.561,TekLinks
2018-03-03T05:30:02.030710Z,384.684,67.63,11.325,TekLinks
2018-03-03T05:40:01.942829Z,52.023,42.142,9.903,TekLinks
2018-03-03T05:50:02.527723Z,49.303,79.741,11.319,TekLinks
2018-03-03T06:00:02.239600Z,52.465,73.044,11.284,TekLinks
2018-03-03T06:10:01.781014Z,52.374,46.085,9.321,TekLinks
2018-03-03T06:20:02.204541Z,52.645,46.088,9.589,TekLinks
2018-03-03T06:30:05.253368Z,47.648,84.009,11.439,TekLinks
2018-03-03T06:40:02.589731Z,49.661,79.116,10.18,TekLinks
2018-03-03T06:50:02.100913Z,51.555,60.358,11.397,TekLinks
2018-03-03T07:00:08.959630Z,495.522,58.731,11.463,TekLinks
2018-03-03T07:10:02.047907Z,51.943,82.441,10.6,TekLinks
2018-03-03T07:20:02.645010Z,51.088,56.341,10.185,TekLinks
2018-03-03T07:30:02.232176Z,69.303,75.622,11.438,TekLinks
2018-03-03T07:40:02.439676Z,50.468,83.885,11.299,TekLinks
2018-03-03T07:50:02.515716Z,50.24,59.361,11.418,TekLinks
2018-03-03T08:00:09.956103Z,52.209,80.446,11.397,TekLinks
2018-03-03T08:10:01.768856Z,58.029,62.215,11.387,TekLinks
2018-03-03T08:20:02.603606Z,51.065,77.602,11.23,TekLinks
2018-03-03T08:30:01.853525Z,48.813,81.837,11.412,TekLinks
2018-03-03T08:40:02.753580Z,49.902,80.351,11.364,TekLinks
2018-03-03T08:50:04.827969Z,48.938,82.312,11.392,TekLinks
2018-03-03T09:00:10.064508Z,240.959,70.334,11.376,TekLinks
2018-03-03T09:10:01.904777Z,49.31,76.688,1.477,TekLinks
2018-03-03T09:20:03.602040Z,795.792,85.96,7.595,TekLinks
2018-03-03T09:30:02.746251Z,192.894,77.027,7.753,TekLinks
2018-03-03T09:40:02.738032Z,50.869,53.801,11.227,TekLinks
2018-03-03T09:50:03.239467Z,48.903,82.492,11.194,TekLinks
2018-03-03T10:00:08.507791Z,50.182,81.348,10.783,TekLinks
2018-03-03T10:10:02.309475Z,48.312,84.549,11.367,TekLinks
2018-03-03T10:20:02.747437Z,49.075,76.318,10.439,TekLinks
2018-03-03T10:30:02.511030Z,52.642,52.687,11.494,TekLinks
2018-03-03T10:40:01.709657Z,55.566,64.042,11.518,TekLinks
2018-03-03T10:50:01.878116Z,50.286,81.975,11.491,TekLinks
2018-03-03T11:00:02.192080Z,69.555,81.663,11.419,TekLinks
2018-03-03T11:10:02.099258Z,49.299,79.515,11.415,TekLinks
2018-03-03T11:20:02.308961Z,49.167,66.405,11.118,TekLinks
2018-03-03T11:30:02.184795Z,58.136,82.921,11.696,TekLinks
2018-03-03T11:40:02.124635Z,54.37,77.994,11.119,TekLinks
2018-03-03T11:50:02.011243Z,50.843,50.079,11.482,TekLinks
2018-03-03T12:00:07.566874Z,48.67,81.248,11.356,TekLinks
2018-03-03T12:10:01.654616Z,51.641,35.115,11.552,TekLinks
2018-03-03T12:20:01.684729Z,50.728,76.798,11.246,TekLinks
2018-03-03T12:30:09.635390Z,54.93,81.614,10.868,TekLinks
2018-03-03T12:40:02.639069Z,49.619,59.116,11.552,TekLinks
2018-03-03T12:50:02.240866Z,48.821,84.013,11.349,TekLinks
2018-03-03T13:00:10.838535Z,53.104,82.079,11.26,TekLinks
2018-03-03T13:10:02.016669Z,51.746,82.416,11.495,TekLinks
2018-03-03T13:20:02.182779Z,52.447,84.129,7.324,TekLinks
2018-03-03T13:30:02.402646Z,61.023,69.32,10.748,TekLinks
2018-03-03T13:40:02.336748Z,50.753,74.047,11.485,TekLinks
2018-03-03T13:50:02.508549Z,50.445,76.08,10.769,TekLinks
2018-03-03T14:00:01.600086Z,48.944,80.263,11.496,TekLinks
2018-03-03T14:10:02.616044Z,49.024,79.373,11.34,TekLinks
2018-03-03T14:20:02.155540Z,49.562,81.354,11.243,TekLinks
2018-03-03T14:30:02.509801Z,656.683,63.062,11.404,TekLinks
2018-03-03T14:40:02.451924Z,54.326,77.384,11.16,TekLinks
2018-03-03T14:50:02.292577Z,49.353,72.072,11.356,TekLinks
2018-03-03T15:00:10.100741Z,172.869,80.795,11.408,TekLinks
2018-03-03T15:10:01.708436Z,53.362,82.73,10.342,TekLinks
2018-03-03T15:20:02.190939Z,48.624,78.356,11.299,TekLinks
2018-03-03T15:30:01.823844Z,49.853,76.454,10.853,TekLinks
2018-03-03T15:40:02.301206Z,50.56,82.943,11.294,TekLinks
2018-03-03T15:50:02.729151Z,51.145,82.786,11.243,TekLinks
2018-03-03T16:00:07.614743Z,51.267,82.392,11.287,TekLinks
2018-03-03T16:10:01.826647Z,49.58,77.931,9.005,TekLinks
2018-03-03T16:20:01.709669Z,48.817,76.149,10.715,TekLinks
2018-03-03T16:30:08.755536Z,358.54,70.959,11.477,TekLinks
2018-03-03T16:40:02.038674Z,50.313,73.298,11.321,TekLinks
2018-03-03T16:50:01.884015Z,50.906,81.587,11.308,TekLinks
2018-03-03T17:00:01.784277Z,49.989,65.293,9.645,TekLinks
2018-03-03T17:10:02.454706Z,57.074,74.542,10.007,TekLinks
2018-03-03T17:20:02.646306Z,52.946,81.06,11.288,TekLinks
2018-03-03T17:30:02.614872Z,52.682,59.798,10.408,TekLinks
2018-03-03T17:40:01.659964Z,50.224,81.028,11.49,TekLinks
2018-03-03T17:50:02.144729Z,52.539,80.828,11.497,TekLinks
2018-03-03T18:00:10.188243Z,52.19,67.839,11.574,TekLinks
2018-03-03T18:10:04.279765Z,52.04,80.797,11.299,TekLinks
2018-03-03T18:20:02.354570Z,49.354,59.684,11.426,TekLinks
2018-03-03T18:30:08.938558Z,358.53,77.128,11.45,TekLinks
2018-03-03T18:40:02.500245Z,50.12,81.463,11.206,TekLinks
2018-03-03T18:50:01.518725Z,50.028,79.307,10.923,TekLinks
2018-03-03T19:00:10.515420Z,50.409,76.536,11.541,TekLinks
2018-03-03T19:10:02.427772Z,49.332,22.116,11.455,TekLinks
2018-03-03T19:20:02.338496Z,49.625,82.814,11.485,TekLinks
2018-03-03T19:30:07.779008Z,50.717,78.586,11.091,TekLinks
2018-03-03T19:40:02.064016Z,59.261,62.958,11.218,TekLinks
2018-03-03T19:50:02.547268Z,49.985,78.726,11.458,TekLinks
2018-03-03T20:00:09.280090Z,80.293,69.939,11.479,TekLinks
2018-03-03T20:10:02.353651Z,50.692,55.018,11.426,TekLinks
2018-03-03T20:20:02.374917Z,51.649,83.636,11.183,TekLinks
2018-03-03T20:30:02.865071Z,52.103,71.414,11.451,TekLinks
2018-03-03T20:40:01.754445Z,53.271,82.306,11.282,TekLinks
2018-03-03T20:50:02.528476Z,52.511,75.243,11.373,TekLinks
2018-03-03T21:00:08.976565Z,49.246,77.61,10.698,TekLinks
2018-03-03T21:10:02.774255Z,52.43,81.529,11.469,TekLinks
2018-03-03T21:20:01.680436Z,50.96,64.891,11.421,TekLinks
2018-03-03T21:30:02.071851Z,68.571,81.193,11.494,TekLinks
2018-03-03T21:40:02.292534Z,52.937,81.739,11.486,TekLinks
2018-03-03T21:50:02.383209Z,49.242,82.492,11.267,TekLinks
2018-03-03T22:00:10.204521Z,51.608,69.412,11.534,TekLinks
2018-03-03T22:10:02.302915Z,52.866,58.431,10.44,TekLinks
2018-03-03T22:20:02.457071Z,50.973,78.846,10.934,TekLinks
2018-03-03T22:30:02.557664Z,68.225,66.147,11.074,TekLinks
2018-03-03T22:40:02.140230Z,51.668,81.019,11.213,TekLinks
2018-03-03T22:50:02.254401Z,57.614,82.647,11.495,TekLinks
2018-03-03T23:00:07.348189Z,866.773,74.395,10.686,TekLinks
2018-03-03T23:10:02.180126Z,148.683,59.577,11.173,TekLinks
2018-03-03T23:20:02.173715Z,49.097,78.934,11.15,TekLinks
2018-03-03T23:30:02.702138Z,393.326,78.163,11.198,TekLinks
2018-03-03T23:40:01.807556Z,55.782,81.216,11.205,TekLinks
2018-03-03T23:50:02.049394Z,49.035,74.133,9.835,TekLinks
2018-03-04T00:00:10.126051Z,114.356,59.59,11.018,TekLinks
2018-03-04T00:10:02.388385Z,52.445,77.023,11.385,TekLinks
2018-03-04T00:20:02.055132Z,52.199,82.428,11.52,TekLinks
2018-03-04T00:30:02.578990Z,51.298,80.796,10.921,TekLinks
2018-03-04T00:40:02.362788Z,49.88,81.237,10.626,TekLinks
2018-03-04T00:50:02.006147Z,51.185,81.142,11.336,TekLinks
2018-03-04T01:00:02.055796Z,129.212,80.394,10.445,TekLinks
2018-03-04T01:10:02.554770Z,51.031,75.394,11.292,TekLinks
2018-03-04T01:20:02.476791Z,54.421,78.915,11.313,TekLinks
2018-03-04T01:30:02.680759Z,48.894,75.982,11.358,TekLinks
2018-03-04T01:40:02.083979Z,52.41,78.788,11.333,TekLinks
2018-03-04T01:50:02.248152Z,49.994,79.474,11.333,TekLinks
2018-03-04T02:00:10.528982Z,506.951,58.54,11.371,TekLinks
2018-03-04T02:10:02.288431Z,586.347,65.111,9.259,TekLinks
2018-03-04T02:20:02.351737Z,58.382,80.837,11.057,TekLinks
2018-03-04T02:30:02.802514Z,50.201,60.02,11.425,TekLinks
2018-03-04T02:40:02.835699Z,50.836,77.221,11.56,TekLinks
2018-03-04T02:50:02.140530Z,49.071,80.099,8.702,TekLinks
2018-03-04T03:00:11.121423Z,73.295,62.916,11.304,TekLinks
2018-03-04T03:10:01.797237Z,54.916,77.968,10.205,TekLinks
2018-03-04T03:20:01.705801Z,51.537,70.785,11.258,TekLinks
2018-03-04T03:30:03.038931Z,355.576,77.03,9.289,TekLinks
2018-03-04T03:40:02.634767Z,50.453,74.689,10.54,TekLinks
2018-03-04T03:50:02.471305Z,53.276,74.707,11.354,TekLinks
2018-03-04T04:00:03.473045Z,53.103,75.233,11.399,TekLinks
2018-03-04T04:10:02.301930Z,49.8,79.808,11.404,TekLinks
2018-03-04T04:20:02.343734Z,55.872,67.94,10.754,TekLinks
2018-03-04T04:30:08.705944Z,225.881,78.372,11.461,TekLinks
2018-03-04T04:40:01.930399Z,56.679,77.999,11.412,TekLinks
2018-03-04T04:50:02.148384Z,52.228,68.562,9.452,TekLinks
2018-03-04T05:00:09.649279Z,399.835,70.712,11.303,TekLinks
2018-03-04T05:10:05.603196Z,51.197,65.917,10.808,TekLinks
2018-03-04T05:20:02.468699Z,48.876,80.494,11.22,TekLinks
2018-03-04T05:30:04.955061Z,49.989,77.414,8.08,TekLinks
2018-03-04T05:40:02.291411Z,52.359,74.426,8.117,TekLinks
2018-03-04T05:50:02.517984Z,50.233,81.778,11.435,TekLinks
2018-03-04T06:00:10.911720Z,461.964,77.953,11.392,TekLinks
2018-03-04T06:10:02.538773Z,49.905,80.14,9.222,TekLinks
2018-03-04T06:20:02.369256Z,48.954,78.326,10.736,TekLinks
2018-03-04T06:30:09.567648Z,51.625,81.45,11.426,TekLinks
2018-03-04T06:40:02.393735Z,49.66,81.31,10.115,TekLinks
2018-03-04T06:50:02.578393Z,49.56,81.054,11.442,TekLinks
2018-03-04T07:00:10.227466Z,86.491,65.613,11.367,TekLinks
2018-03-04T07:10:02.682728Z,629.482,80.732,11.554,TekLinks
2018-03-04T07:20:02.571075Z,643.268,79.41,11.413,TekLinks
2018-03-04T07:30:02.847894Z,400.769,76.063,10.733,TekLinks
2018-03-04T07:40:02.283355Z,52.979,70.37,9.916,TekLinks
2018-03-04T07:50:02.666874Z,53.754,61.23,11.517,TekLinks
2018-03-04T08:00:10.167472Z,49.417,55.856,11.3,TekLinks
2018-03-04T08:10:02.576635Z,48.793,84.759,10.031,TekLinks
2018-03-04T08:20:03.098211Z,51.249,81.206,11.337,TekLinks
2018-03-04T08:30:02.675760Z,56.551,73.729,2.295,TekLinks
2018-03-04T08:40:03.439512Z,48.764,84.36,4.813,TekLinks
2018-03-04T08:50:03.444684Z,49.909,83.344,9.766,TekLinks
2018-03-04T09:00:03.304099Z,91.314,76.342,10.817,TekLinks
2018-03-04T09:10:02.387009Z,53.191,55.115,11.314,TekLinks
2018-03-04T09:20:02.299862Z,48.369,83.796,11.47,TekLinks
2018-03-04T09:30:02.360305Z,57.181,60.519,11.587,TekLinks
2018-03-04T09:40:01.992103Z,52.351,83.408,11.501,TekLinks
2018-03-04T09:50:02.211042Z,50.654,84.589,11.236,TekLinks
2018-03-04T10:00:09.819950Z,686.339,83.565,11.566,TekLinks
2018-03-04T10:10:02.750776Z,51.432,50.709,11.409,TekLinks
2018-03-04T10:20:02.260514Z,266.95,82.555,11.552,TekLinks
2018-03-04T10:30:01.933425Z,71.96,57.797,11.572,TekLinks
2018-03-04T10:40:02.118382Z,48.746,68.229,11.396,TekLinks
2018-03-04T10:50:02.074726Z,51.619,83.017,11.47,TekLinks
2018-03-04T11:00:09.338283Z,51.551,82.046,11.206,TekLinks
2018-03-04T11:10:02.491189Z,468.372,82.645,11.391,TekLinks
2018-03-04T11:20:02.264992Z,50.922,80.516,11.657,TekLinks
2018-03-04T11:30:02.125260Z,64.117,80.405,0.395,TekLinks
2018-03-04T11:40:02.185692Z,51.123,81.949,10.126,TekLinks
2018-03-04T11:50:02.183551Z,48.331,46.892,11.49,TekLinks
2018-03-04T12:00:09.420623Z,50.667,79.3,11.357,TekLinks
2018-03-04T12:10:01.548347Z,49.786,84.388,11.605,TekLinks
2018-03-04T12:20:02.544264Z,50.447,83.532,11.337,TekLinks
2018-03-04T12:30:01.915716Z,367.708,73.477,11.34,TekLinks
2018-03-04T12:40:02.697037Z,54.702,67.735,11.409,TekLinks
2018-03-04T12:50:02.379714Z,49.664,83.469,9.316,TekLinks
2018-03-04T13:00:09.503020Z,49.762,82.038,11.329,TekLinks
2018-03-04T13:10:02.403028Z,50.367,76.202,11.328,TekLinks
2018-03-04T13:20:02.565106Z,365.992,82.783,11.482,TekLinks
2018-03-04T13:30:02.304366Z,48.407,67.787,11.666,TekLinks
2018-03-04T13:40:02.040368Z,49.779,73.575,11.38,TekLinks
2018-03-04T13:50:02.336492Z,50.39,80.566,11.458,TekLinks
2018-03-04T14:00:10.197405Z,50.224,67.7,11.663,TekLinks
2018-03-04T14:10:02.136861Z,53.693,58.875,11.452,TekLinks
2018-03-04T14:20:02.307997Z,408.778,60.243,10.533,TekLinks
2018-03-04T14:30:02.805953Z,48.936,53.763,10.642,TekLinks
2018-03-04T14:40:02.731226Z,51.718,70.254,11.162,TekLinks
2018-03-04T14:50:02.514905Z,51.242,80.219,11.328,TekLinks
2018-03-04T15:00:07.347605Z,50.124,51.591,11.27,TekLinks
2018-03-04T15:10:02.561324Z,52.933,84.275,11.505,TekLinks
2018-03-04T15:20:02.398452Z,49.998,80.596,11.405,TekLinks
2018-03-04T15:30:02.192041Z,615.563,78.75,11.225,TekLinks
2018-03-04T15:40:02.157286Z,51.975,84.157,11.377,TekLinks
2018-03-04T15:50:02.188455Z,48.266,73.377,11.401,TekLinks
2018-03-04T16:00:10.322878Z,50.919,45.554,11.429,TekLinks
2018-03-04T16:10:02.523533Z,52.705,76.345,10.655,TekLinks
2018-03-04T16:20:02.723558Z,55.128,49.037,10.277,TekLinks
2018-03-04T16:30:02.750709Z,217.36,81.677,11.544,TekLinks
2018-03-04T16:40:02.110184Z,50.397,75.127,11.495,TekLinks
2018-03-04T16:50:02.326540Z,50.2,81.818,11.361,TekLinks
2018-03-04T17:00:10.484616Z,50.83,75.216,11.491,TekLinks
2018-03-04T17:10:02.081945Z,48.749,83.101,11.38,TekLinks
2018-03-04T17:20:01.994932Z,50.513,37.859,11.431,TekLinks
2018-03-04T17:30:02.369989Z,52.771,78.353,11.231,TekLinks
2018-03-04T17:40:02.724156Z,48.658,75.707,11.568,TekLinks
2018-03-04T17:50:01.680754Z,49.711,59.531,11.497,TekLinks
2018-03-04T18:00:13.150463Z,270.385,58.192,11.273,TekLinks
2018-03-04T18:10:02.064688Z,51.156,80.426,9.661,TekLinks
2018-03-04T18:20:02.740271Z,52.892,78.157,11.178,TekLinks
2018-03-04T18:30:09.337161Z,49.876,82.146,11.225,TekLinks
2018-03-04T18:40:01.798968Z,50.168,80.719,11.307,TekLinks
2018-03-04T18:50:02.442629Z,53.192,49.423,11.368,TekLinks
2018-03-04T19:00:06.878308Z,51.841,73.868,11.287,TekLinks
2018-03-04T19:10:02.881182Z,49.049,66.936,11.299,TekLinks
2018-03-04T19:20:02.258054Z,50.154,74.52,9.976,TekLinks
2018-03-04T19:30:02.469812Z,61.86,72.709,10.838,TekLinks
2018-03-04T19:40:02.242826Z,714.89,81.205,11.534,TekLinks
2018-03-04T19:50:02.518864Z,313.853,73.173,10.364,TekLinks
2018-03-04T20:00:07.283986Z,49.227,75.534,11.292,TekLinks
2018-03-04T20:10:02.650983Z,211.432,74.116,11.341,TekLinks
2018-03-04T20:20:01.943970Z,50.148,82.178,11.473,TekLinks
2018-03-04T20:30:02.958573Z,62.986,75.414,11.344,TekLinks
2018-03-04T20:40:02.330072Z,54.183,82.074,11.456,TekLinks
2018-03-04T20:50:02.424201Z,52.951,82.685,11.388,TekLinks
2018-03-04T21:00:10.386558Z,51.442,78.658,11.495,TekLinks
2018-03-04T21:10:02.890145Z,49.11,78.558,10.781,TekLinks
2018-03-04T21:20:02.370489Z,50.21,79.607,11.356,TekLinks
2018-03-04T21:30:02.481484Z,155.94,75.891,11.516,TekLinks
2018-03-04T21:40:02.494187Z,52.335,83.97,11.276,TekLinks
2018-03-04T21:50:02.685895Z,216.766,78.389,10.606,TekLinks
2018-03-04T22:00:01.632555Z,51.752,75.147,11.216,TekLinks
2018-03-04T22:10:01.906908Z,49.406,79.515,11.133,TekLinks
2018-03-04T22:20:01.967597Z,53.15,72.69,11.377,TekLinks
2018-03-04T22:30:10.149409Z,772.612,83.619,9.167,TekLinks
2018-03-04T22:40:03.038736Z,52.078,72.051,10.63,TekLinks
2018-03-04T22:50:02.443358Z,54.322,71.897,11.416,TekLinks
2018-03-04T23:00:02.591475Z,436.629,64.2,11.352,TekLinks
2018-03-04T23:10:07.462501Z,50.927,78.39,11.336,TekLinks
2018-03-04T23:20:02.463955Z,52.1,78.612,8.136,TekLinks
2018-03-04T23:30:01.761959Z,547.548,75.295,11.501,TekLinks
2018-03-04T23:40:02.721797Z,51.326,82.428,11.472,TekLinks
2018-03-04T23:50:01.625860Z,55.574,80.335,10.795,TekLinks
2018-03-05T00:00:02.633240Z,58.877,82.037,10.735,TekLinks
2018-03-05T00:10:02.882889Z,52.234,77.622,10.974,TekLinks
2018-03-05T00:20:02.669948Z,50.224,84.153,11.358,TekLinks
2018-03-05T00:30:02.306098Z,52.725,81.459,11.308,TekLinks
2018-03-05T00:40:02.574531Z,51.377,78.355,11.451,TekLinks
2018-03-05T00:50:02.559603Z,53.503,68.031,11.434,TekLinks
2018-03-05T01:00:05.654871Z,53.226,79.98,11.418,TekLinks
2018-03-05T01:10:02.496403Z,50.644,57.987,11.21,TekLinks
2018-03-05T01:20:01.916223Z,53.533,81.711,11.209,TekLinks
2018-03-05T01:30:02.408922Z,203.189,72.838,11.483,TekLinks
2018-03-05T01:40:02.529962Z,54.006,66.246,11.533,TekLinks
2018-03-05T01:50:02.252561Z,55.123,80.854,10.413,TekLinks
2018-03-05T02:00:02.825900Z,417.415,58.265,11.09,TekLinks
2018-03-05T02:10:03.574751Z,462.981,78.227,11.403,TekLinks
2018-03-05T02:20:02.438612Z,52.87,77.355,11.351,TekLinks
2018-03-05T02:30:02.183892Z,58.514,53.584,11.111,TekLinks
2018-03-05T02:40:02.824134Z,56.126,78.446,11.212,TekLinks
2018-03-05T02:50:01.977188Z,51.31,55.027,11.392,TekLinks
2018-03-05T03:00:10.098392Z,48.932,81.211,11.195,TekLinks
2018-03-05T03:10:01.886067Z,51.947,77.924,11.249,TekLinks
2018-03-05T03:20:01.840453Z,52.166,72.986,11.226,TekLinks
2018-03-05T03:30:01.859068Z,589.396,78.931,11.068,TekLinks
2018-03-05T03:40:02.551237Z,598.01,77.668,10.884,TekLinks
2018-03-05T03:50:01.865812Z,50.242,62.781,11.338,TekLinks
2018-03-05T04:00:02.574409Z,64.211,66.418,11.413,TekLinks
2018-03-05T04:10:02.447634Z,184.468,80.823,11.442,TekLinks
2018-03-05T04:20:02.254681Z,52.761,72.009,11.419,TekLinks
2018-03-05T04:30:07.907505Z,53.886,80.117,11.545,TekLinks
2018-03-05T04:40:01.630980Z,184.223,82.618,11.28,TekLinks
2018-03-05T04:50:02.232832Z,50.569,81.146,9.809,TekLinks
2018-03-05T05:00:02.128484Z,61.878,60.139,11.399,TekLinks
2018-03-05T05:10:02.349262Z,50.932,81.051,10.995,TekLinks
2018-03-05T05:20:02.350895Z,50.67,79.582,11.317,TekLinks
2018-03-05T05:30:01.916413Z,703.341,79.313,11.315,TekLinks
2018-03-05T05:40:02.681669Z,50.456,69.183,11.24,TekLinks
2018-03-05T05:50:02.225016Z,577.636,62.242,10.739,TekLinks
2018-03-05T06:00:06.723982Z,116.691,72.561,11.267,TekLinks
2018-03-05T06:10:02.877789Z,49.614,73.075,10.14,TekLinks
2018-03-05T06:20:03.077797Z,49.129,48.206,10.303,TekLinks
2018-03-05T06:30:02.327325Z,513.327,70.691,10.819,TekLinks
2018-03-05T06:40:02.584406Z,113.08,80.118,11.294,TekLinks
2018-03-05T06:50:02.105710Z,50.868,83.1,11.487,TekLinks
2018-03-05T07:00:01.859847Z,56.776,74.52,11.335,TekLinks
2018-03-05T07:10:02.882977Z,643.384,71.874,10.202,TekLinks
2018-03-05T07:20:02.677305Z,50.162,81.079,11.568,TekLinks
2018-03-05T07:30:01.685445Z,63.501,64.358,10.232,TekLinks
2018-03-05T07:40:02.392533Z,49.41,51.276,11.36,TekLinks
2018-03-05T07:50:01.912381Z,50.433,82.644,11.457,TekLinks
2018-03-05T08:00:08.644178Z,53.389,78.079,11.564,TekLinks
2018-03-05T08:10:02.464233Z,47.099,80.675,11.444,TekLinks
2018-03-05T08:20:02.606794Z,50.989,77.551,11.458,TekLinks
2018-03-05T08:30:02.474579Z,67.218,72.498,10.404,TekLinks
2018-03-05T08:40:03.052502Z,300.882,75.669,5.844,TekLinks
2018-03-05T08:50:02.452066Z,50.873,84.668,11.16,TekLinks
2018-03-05T09:00:10.722124Z,325.887,84.234,10.929,TekLinks
2018-03-05T09:10:02.590823Z,175.058,57.347,11.387,TekLinks
2018-03-05T09:20:02.439003Z,49.815,74.584,11.297,TekLinks
2018-03-05T09:30:02.569133Z,225.345,80.465,11.3,TekLinks
2018-03-05T09:40:02.216992Z,49.841,80.834,11.532,TekLinks
2018-03-05T09:50:02.414118Z,50.481,83.65,9.481,TekLinks
2018-03-05T10:00:01.662710Z,60.273,82.484,11.377,TekLinks
2018-03-05T10:10:02.443373Z,400.44,74.837,10.409,TekLinks
2018-03-05T10:20:02.272759Z,50.152,76.224,11.378,TekLinks
2018-03-05T10:30:02.487851Z,216.682,55.235,11.626,TekLinks
2018-03-05T10:40:02.523763Z,50.14,73.334,11.606,TekLinks
2018-03-05T10:50:02.387514Z,50.014,83.9,11.477,TekLinks
2018-03-05T11:00:09.468986Z,320.547,80.372,11.503,TekLinks
2018-03-05T11:10:02.237182Z,49.212,74.013,11.517,TekLinks
2018-03-05T11:20:02.251483Z,105.713,79.673,11.423,TekLinks
2018-03-05T11:30:02.803638Z,67.687,68.693,10.959,TekLinks
2018-03-05T11:40:03.529794Z,51.684,72.284,11.4,TekLinks
2018-03-05T11:50:02.739912Z,51.217,81.737,7.189,TekLinks
2018-03-05T12:00:02.544457Z,51.636,63.213,11.312,TekLinks
2018-03-05T12:10:01.839479Z,374.912,75.593,10.508,TekLinks
2018-03-05T12:20:02.147110Z,49.322,81.055,11.27,TekLinks
2018-03-05T12:30:08.752893Z,50.479,80.436,11.033,TekLinks
2018-03-05T12:40:02.569270Z,553.639,69.248,11.433,TekLinks
2018-03-05T12:50:02.963638Z,50.245,79.456,11.485,TekLinks
2018-03-05T13:00:01.875215Z,59.509,81.447,11.365,TekLinks
2018-03-05T13:10:02.323400Z,50.699,63.719,11.41,TekLinks
2018-03-05T13:20:02.245814Z,52.198,59.258,11.577,TekLinks
2018-03-05T13:30:02.280108Z,135.836,77.982,11.481,TekLinks
2018-03-05T13:40:02.404511Z,49.723,78.756,10.507,TekLinks
2018-03-05T13:50:02.458916Z,48.994,72.097,10.906,TekLinks
2018-03-05T14:00:05.768852Z,51.667,70.882,11.421,TekLinks
2018-03-05T14:10:02.776186Z,49.005,79.047,11.644,TekLinks
2018-03-05T14:20:01.735629Z,53.923,83.048,11.497,TekLinks
2018-03-05T14:30:02.732585Z,1723.127,81.962,11.332,TekLinks
2018-03-05T14:40:01.795333Z,50.476,62.685,11.417,TekLinks
2018-03-05T14:50:02.395122Z,49.658,61.758,11.431,TekLinks
2018-03-05T15:00:08.490128Z,226.087,82.179,11.266,TekLinks
2018-03-05T15:10:01.996694Z,50.337,80.551,11.317,TekLinks
2018-03-05T15:20:01.976848Z,477.865,76.579,11.299,TekLinks
2018-03-05T15:30:02.442432Z,51.764,75.34,11.43,TekLinks
2018-03-05T15:40:02.034919Z,48.395,80.952,11.395,TekLinks
2018-03-05T15:50:03.946296Z,50.313,81.54,11.433,TekLinks
2018-03-05T16:00:08.413931Z,49.672,71.281,11.345,TekLinks
2018-03-05T16:10:02.600003Z,50.726,70.866,10.151,TekLinks
2018-03-05T16:20:03.040755Z,52.239,81.524,10.154,TekLinks
2018-03-05T16:30:02.169039Z,70.041,71.603,11.415,TekLinks
2018-03-05T16:40:02.961679Z,56.394,79.444,11.377,TekLinks
2018-03-05T16:50:02.489037Z,52.956,78.765,11.521,TekLinks
2018-03-05T17:00:02.474132Z,198.793,77.183,11.523,TekLinks
2018-03-05T17:10:02.264163Z,690.707,74.971,10.617,TekLinks
2018-03-05T17:20:02.272892Z,51.252,80.255,11.252,TekLinks
2018-03-05T17:30:09.424064Z,50.279,84.766,11.444,TekLinks
2018-03-05T17:40:02.284735Z,51.719,82.403,11.493,TekLinks
2018-03-05T17:50:01.973175Z,56.589,73.898,11.555,TekLinks
2018-03-05T18:00:09.196991Z,64.455,76.894,11.308,TekLinks
2018-03-05T18:10:02.408700Z,51.744,82.687,11.516,TekLinks
2018-03-05T18:20:02.448124Z,49.034,56.785,11.518,TekLinks
2018-03-05T18:30:02.477452Z,49.665,81.09,11.269,TekLinks
2018-03-05T18:40:02.560364Z,49.584,81.784,10.877,TekLinks
2018-03-05T18:50:02.239210Z,52.681,45.444,11.485,TekLinks
2018-03-05T19:00:10.251206Z,176.313,76.341,10.94,TekLinks
2018-03-05T19:10:01.502787Z,51.308,83.813,10.994,TekLinks
2018-03-05T19:20:02.421980Z,50.116,76.221,10.703,TekLinks
